,lower,upper,mean,wave,age.group,contact.age.group,text_color,row_num,col_num
1,4.445617304,4.478757903,4.461767903,Wave 9,"[0,17)","[0,17)",up,1,1
2,3.777124758,3.798689697,3.787507016,Wave 9,"[0,17)","[17,70)",up,1,1
3,0.256626301,0.264368423,0.260450436,Wave 9,"[0,17)",70+,low,1,1
4,3.777148691,3.798916929,3.787193699,Wave 9,"[17,70)","[0,17)",up,1,1
5,6.448019289,6.471792102,6.459964003,Wave 9,"[17,70)","[17,70)",up,1,1
6,1.842551819,1.867269069,1.85502266,Wave 9,"[17,70)",70+,up,1,1
7,0.256663122,0.264183239,0.260537198,Wave 9,70+,"[0,17)",low,1,1
8,1.841836755,1.867945098,1.854763602,Wave 9,70+,"[17,70)",up,1,1
9,2.526320684,2.571823305,2.548880602,Wave 9,70+,70+,up,1,1
10,4.996475457,5.030314282,5.012944592,Wave 10,"[0,17)","[0,17)",up,1,2
11,4.072723744,4.095845786,4.084230799,Wave 10,"[0,17)","[17,70)",up,1,2
12,0.214255746,0.220394339,0.217352879,Wave 10,"[0,17)",70+,low,1,2
13,4.073623674,4.096270999,4.0848392,Wave 10,"[17,70)","[0,17)",up,1,2
14,6.608823025,6.631358858,6.620169837,Wave 10,"[17,70)","[17,70)",up,1,2
15,2.342235471,2.3694816,2.356569724,Wave 10,"[17,70)",70+,up,1,2
16,0.214324246,0.2204489,0.217314998,Wave 10,70+,"[0,17)",low,1,2
17,2.341883621,2.37035372,2.356499143,Wave 10,70+,"[17,70)",up,1,2
18,2.289809276,2.3287937,2.308751827,Wave 10,70+,70+,up,1,2
19,4.807695452,4.842887117,4.824803785,Wave 11,"[0,17)","[0,17)",up,1,3
20,4.294748623,4.318708993,4.30635562,Wave 11,"[0,17)","[17,70)",up,1,3
21,0.265637136,0.27554903,0.270822475,Wave 11,"[0,17)",70+,low,1,3
22,4.29396762,4.318559618,4.306366193,Wave 11,"[17,70)","[0,17)",up,1,3
23,6.616563263,6.641338133,6.628715374,Wave 11,"[17,70)","[17,70)",up,1,3
24,2.146931957,2.175925329,2.161063887,Wave 11,"[17,70)",70+,up,1,3
25,0.26562337,0.275506419,0.270654277,Wave 11,70+,"[0,17)",low,1,3
26,2.146957929,2.175232928,2.160991923,Wave 11,70+,"[17,70)",up,1,3
27,2.333511597,2.376209179,2.354613592,Wave 11,70+,70+,up,1,3
28,4.899185387,4.948247174,4.923074599,Wave 12,"[0,17)","[0,17)",up,1,4
29,3.790260212,3.818026068,3.803723401,Wave 12,"[0,17)","[17,70)",up,1,4
30,0.4131993,0.424331659,0.41873837,Wave 12,"[0,17)",70+,low,1,4
31,3.789636201,3.81684344,3.803291693,Wave 12,"[17,70)","[0,17)",up,1,4
32,5.590092081,5.616315058,5.603123941,Wave 12,"[17,70)","[17,70)",up,1,4
33,2.624885509,2.655572188,2.640149276,Wave 12,"[17,70)",70+,up,1,4
34,0.41311817,0.424406938,0.418634762,Wave 12,70+,"[0,17)",low,1,4
35,2.624593481,2.655274211,2.6398258,Wave 12,70+,"[17,70)",up,1,4
36,3.156564845,3.207082329,3.182656014,Wave 12,70+,70+,up,1,4
37,6.440643215,6.488583876,6.465785372,Wave 13,"[0,17)","[0,17)",up,2,1
38,4.633044597,4.662298081,4.647642829,Wave 13,"[0,17)","[17,70)",up,2,1
39,0.696197295,0.710265975,0.703250652,Wave 13,"[0,17)",70+,low,2,1
40,4.633514544,4.661184192,4.647838838,Wave 13,"[17,70)","[0,17)",up,2,1
41,6.192774167,6.220455319,6.206586031,Wave 13,"[17,70)","[17,70)",up,2,1
42,2.829390599,2.857902099,2.843658285,Wave 13,"[17,70)",70+,up,2,1
43,0.696739712,0.710501831,0.703198394,Wave 13,70+,"[0,17)",low,2,1
44,2.830295298,2.858703062,2.844147549,Wave 13,70+,"[17,70)",up,2,1
45,3.450175742,3.509808175,3.479766862,Wave 13,70+,70+,up,2,1
46,7.464502823,7.513767803,7.488519699,Wave 14,"[0,17)","[0,17)",up,2,2
47,4.854940688,4.883628614,4.869669036,Wave 14,"[0,17)","[17,70)",up,2,2
48,0.5157454,0.52881895,0.521969035,Wave 14,"[0,17)",70+,low,2,2
49,4.855365752,4.883751924,4.869681617,Wave 14,"[17,70)","[0,17)",up,2,2
50,6.253981267,6.279401615,6.266823829,Wave 14,"[17,70)","[17,70)",up,2,2
51,2.647434397,2.685608535,2.666319214,Wave 14,"[17,70)",70+,up,2,2
52,0.515392921,0.52802963,0.52169352,Wave 14,70+,"[0,17)",low,2,2
53,2.646858427,2.686431157,2.667117013,Wave 14,70+,"[17,70)",up,2,2
54,3.256290235,3.352639842,3.306366209,Wave 14,70+,70+,up,2,2
55,6.259946488,6.311631402,6.286486839,Wave 15,"[0,17)","[0,17)",up,2,3
56,4.697645247,4.72858316,4.713154461,Wave 15,"[0,17)","[17,70)",up,2,3
57,0.621600804,0.632465594,0.626989382,Wave 15,"[0,17)",70+,low,2,3
58,4.696473145,4.728000616,4.712557801,Wave 15,"[17,70)","[0,17)",up,2,3
59,6.354781645,6.386158974,6.369726004,Wave 15,"[17,70)","[17,70)",up,2,3
60,3.209451416,3.245153357,3.226809315,Wave 15,"[17,70)",70+,up,2,3
61,0.621679058,0.633345225,0.627288396,Wave 15,70+,"[0,17)",low,2,3
62,3.207075932,3.243979519,3.226160398,Wave 15,70+,"[17,70)",up,2,3
63,3.623417131,3.68923727,3.656011536,Wave 15,70+,70+,up,2,3
64,5.102545928,5.150738174,5.12580035,Wave 16,"[0,17)","[0,17)",up,2,4
65,4.138230065,4.169353086,4.154359689,Wave 16,"[0,17)","[17,70)",up,2,4
66,0.807104114,0.832104358,0.81978437,Wave 16,"[0,17)",70+,low,2,4
67,4.138058459,4.169013391,4.153133598,Wave 16,"[17,70)","[0,17)",up,2,4
68,5.84914024,5.879766651,5.86440462,Wave 16,"[17,70)","[17,70)",up,2,4
69,2.840252536,2.879672679,2.860726194,Wave 16,"[17,70)",70+,up,2,4
70,0.807577053,0.831782983,0.819353766,Wave 16,70+,"[0,17)",low,2,4
71,2.842073709,2.880203116,2.860514463,Wave 16,70+,"[17,70)",up,2,4
72,3.649859309,3.730760472,3.689990767,Wave 16,70+,70+,up,2,4
73,6.826909458,6.886240231,6.85559901,Wave 17,"[0,17)","[0,17)",up,3,1
74,4.700468032,4.735142173,4.717566019,Wave 17,"[0,17)","[17,70)",up,3,1
75,0.860551046,0.895292667,0.877484482,Wave 17,"[0,17)",70+,low,3,1
76,4.700324475,4.736130168,4.717747546,Wave 17,"[17,70)","[0,17)",up,3,1
77,6.205854868,6.236436093,6.221138599,Wave 17,"[17,70)","[17,70)",up,3,1
78,2.673201448,2.72501979,2.699838808,Wave 17,"[17,70)",70+,up,3,1
79,0.859613682,0.895072741,0.877075548,Wave 17,70+,"[0,17)",low,3,1
80,2.675253275,2.726784066,2.700454103,Wave 17,70+,"[17,70)",up,3,1
81,4.096231744,4.219629641,4.156156024,Wave 17,70+,70+,up,3,1
82,6.308483241,6.346222086,6.326829331,Wave 18,"[0,17)","[0,17)",up,3,2
83,4.513306576,4.536109063,4.525030827,Wave 18,"[0,17)","[17,70)",up,3,2
84,0.630092863,0.6421741,0.63617985,Wave 18,"[0,17)",70+,low,3,2
85,4.51425565,4.536144117,4.524976916,Wave 18,"[17,70)","[0,17)",up,3,2
86,6.039908928,6.060938599,6.05039025,Wave 18,"[17,70)","[17,70)",up,3,2
87,2.982831757,3.01110874,2.996967037,Wave 18,"[17,70)",70+,up,3,2
88,0.630244869,0.642349324,0.636195571,Wave 18,70+,"[0,17)",low,3,2
89,2.98365968,3.009970247,2.996725898,Wave 18,70+,"[17,70)",up,3,2
90,3.373686997,3.427028028,3.399822959,Wave 18,70+,70+,up,3,2
91,5.277178744,5.311167238,5.293690623,Wave 19,"[0,17)","[0,17)",up,3,3
92,4.184258589,4.205443484,4.194837798,Wave 19,"[0,17)","[17,70)",up,3,3
93,0.611943918,0.621910854,0.616860349,Wave 19,"[0,17)",70+,low,3,3
94,4.183903314,4.204621015,4.19452781,Wave 19,"[17,70)","[0,17)",up,3,3
95,5.946796487,5.969897957,5.957824346,Wave 19,"[17,70)","[17,70)",up,3,3
96,3.0137919,3.037842531,3.02608632,Wave 19,"[17,70)",70+,up,3,3
97,0.612165869,0.621779293,0.617019451,Wave 19,70+,"[0,17)",low,3,3
98,3.015157409,3.038436951,3.02650892,Wave 19,70+,"[17,70)",up,3,3
99,2.848358367,2.892681888,2.869846393,Wave 19,70+,70+,up,3,3
100,4.223649539,4.255331529,4.239642166,Wave 20,"[0,17)","[0,17)",up,3,4
101,3.894996032,3.916534839,3.905677341,Wave 20,"[0,17)","[17,70)",up,3,4
102,0.50265172,0.512482453,0.507467636,Wave 20,"[0,17)",70+,low,3,4
103,3.89507786,3.916440304,3.905613997,Wave 20,"[17,70)","[0,17)",up,3,4
104,5.995313396,6.0179408,6.007012916,Wave 20,"[17,70)","[17,70)",up,3,4
105,2.687210023,2.71586508,2.702091274,Wave 20,"[17,70)",70+,up,3,4
106,0.502721949,0.51247796,0.507665378,Wave 20,70+,"[0,17)",low,3,4
107,2.688118015,2.717241666,2.702297644,Wave 20,70+,"[17,70)",up,3,4
108,3.450487395,3.508944127,3.480257677,Wave 20,70+,70+,up,3,4
109,6.272248624,6.314308042,6.293805008,Wave 21,"[0,17)","[0,17)",up,4,1
110,4.607377484,4.634077721,4.620257349,Wave 21,"[0,17)","[17,70)",up,4,1
111,0.560635665,0.572679568,0.566674615,Wave 21,"[0,17)",70+,low,4,1
112,4.607411748,4.63399255,4.620304817,Wave 21,"[17,70)","[0,17)",up,4,1
113,6.104436901,6.131335605,6.118077243,Wave 21,"[17,70)","[17,70)",up,4,1
114,2.657461561,2.680128243,2.668737262,Wave 21,"[17,70)",70+,up,4,1
115,0.560875102,0.573246726,0.566944712,Wave 21,70+,"[0,17)",low,4,1
116,2.657267177,2.680146083,2.668841104,Wave 21,70+,"[17,70)",up,4,1
117,3.799439597,3.85121856,3.825300843,Wave 21,70+,70+,up,4,1
118,5.772977505,5.805424661,5.788977643,Wave 22,"[0,17)","[0,17)",up,4,2
119,4.707949372,4.729551326,4.718862309,Wave 22,"[0,17)","[17,70)",up,4,2
120,0.83064788,0.842108737,0.836109667,Wave 22,"[0,17)",70+,low,4,2
121,4.70769458,4.72952503,4.718731893,Wave 22,"[17,70)","[0,17)",up,4,2
122,6.457759494,6.478356224,6.468077893,Wave 22,"[17,70)","[17,70)",up,4,2
123,3.219053402,3.246972868,3.232829825,Wave 22,"[17,70)",70+,up,4,2
124,0.830483577,0.841517817,0.835781976,Wave 22,70+,"[0,17)",low,4,2
125,3.218216662,3.246711826,3.232709179,Wave 22,70+,"[17,70)",up,4,2
126,3.401840786,3.451152605,3.426018543,Wave 22,70+,70+,up,4,2
127,6.655911528,6.699374942,6.677198423,Wave 23,"[0,17)","[0,17)",up,4,3
128,4.957628478,4.985055763,4.970853065,Wave 23,"[0,17)","[17,70)",up,4,3
129,0.705802008,0.719353322,0.712623533,Wave 23,"[0,17)",70+,low,4,3
130,4.957774706,4.983661779,4.970936733,Wave 23,"[17,70)","[0,17)",up,4,3
131,6.782484075,6.806649137,6.794710041,Wave 23,"[17,70)","[17,70)",up,4,3
132,2.858455223,2.883738137,2.87148628,Wave 23,"[17,70)",70+,up,4,3
133,0.705706919,0.719546894,0.712671956,Wave 23,70+,"[0,17)",low,4,3
134,2.85920562,2.883522558,2.871769303,Wave 23,70+,"[17,70)",up,4,3
135,3.729382342,3.780687079,3.755552654,Wave 23,70+,70+,up,4,3
136,6.043320195,6.082417408,6.061800125,Wave 24,"[0,17)","[0,17)",up,4,4
137,5.018408243,5.04367673,5.031432736,Wave 24,"[0,17)","[17,70)",up,4,4
138,0.854592933,0.867543414,0.860922283,Wave 24,"[0,17)",70+,low,4,4
139,5.019102545,5.044098211,5.031510163,Wave 24,"[17,70)","[0,17)",up,4,4
140,6.839277604,6.861748018,6.850554558,Wave 24,"[17,70)","[17,70)",up,4,4
141,3.405154443,3.430670224,3.417728914,Wave 24,"[17,70)",70+,up,4,4
142,0.854218318,0.86765151,0.860925104,Wave 24,70+,"[0,17)",low,4,4
143,3.404639454,3.430476221,3.417756994,Wave 24,70+,"[17,70)",up,4,4
144,4.086944987,4.133599272,4.110747119,Wave 24,70+,70+,up,4,4
145,6.208702315,6.254522988,6.230846448,Wave 25,"[0,17)","[0,17)",up,5,1
146,4.574203014,4.600951023,4.58780729,Wave 25,"[0,17)","[17,70)",up,5,1
147,0.800342511,0.81459453,0.807521833,Wave 25,"[0,17)",70+,low,5,1
148,4.574248128,4.601143017,4.587800186,Wave 25,"[17,70)","[0,17)",up,5,1
149,6.699904289,6.726863154,6.713283061,Wave 25,"[17,70)","[17,70)",up,5,1
150,3.320762098,3.348120508,3.334444106,Wave 25,"[17,70)",70+,up,5,1
151,0.800387961,0.814678274,0.807716837,Wave 25,70+,"[0,17)",low,5,1
152,3.321354015,3.346892828,3.333842035,Wave 25,70+,"[17,70)",up,5,1
153,3.878385761,3.928549499,3.904201289,Wave 25,70+,70+,up,5,1
154,4.819437267,4.851811761,4.835511957,Wave 26,"[0,17)","[0,17)",up,5,2
155,4.17611102,4.197651749,4.186570029,Wave 26,"[0,17)","[17,70)",up,5,2
156,0.649855996,0.660799779,0.655107496,Wave 26,"[0,17)",70+,low,5,2
157,4.176421862,4.196827537,4.18668231,Wave 26,"[17,70)","[0,17)",up,5,2
158,6.472142189,6.494589061,6.483304756,Wave 26,"[17,70)","[17,70)",up,5,2
159,3.319212661,3.342457763,3.330432458,Wave 26,"[17,70)",70+,up,5,2
160,0.64932604,0.660971221,0.655162481,Wave 26,70+,"[0,17)",low,5,2
161,3.319619866,3.341533913,3.330797438,Wave 26,70+,"[17,70)",up,5,2
162,3.81454709,3.85827254,3.836642577,Wave 26,70+,70+,up,5,2
163,4.52108704,4.554251649,4.537506371,Wave 27,"[0,17)","[0,17)",up,5,3
164,4.217727875,4.239276737,4.228718596,Wave 27,"[0,17)","[17,70)",up,5,3
165,0.679950355,0.692115328,0.686171954,Wave 27,"[0,17)",70+,low,5,3
166,4.216986643,4.239898301,4.228780633,Wave 27,"[17,70)","[0,17)",up,5,3
167,6.752361313,6.778256078,6.765535529,Wave 27,"[17,70)","[17,70)",up,5,3
168,3.23808776,3.261597682,3.249945384,Wave 27,"[17,70)",70+,up,5,3
169,0.679708213,0.692602856,0.68608265,Wave 27,70+,"[0,17)",low,5,3
170,3.23849134,3.262579122,3.250072315,Wave 27,70+,"[17,70)",up,5,3
171,4.246333974,4.297678763,4.270822547,Wave 27,70+,70+,up,5,3
172,4.897251019,4.931791005,4.914585804,Wave 28,"[0,17)","[0,17)",up,5,4
173,4.298144666,4.320675516,4.309244823,Wave 28,"[0,17)","[17,70)",up,5,4
174,0.753798756,0.76602346,0.759566646,Wave 28,"[0,17)",70+,low,5,4
175,4.297440334,4.319719145,4.308934199,Wave 28,"[17,70)","[0,17)",up,5,4
176,6.779583235,6.804457216,6.791690067,Wave 28,"[17,70)","[17,70)",up,5,4
177,3.105624773,3.127686034,3.116659813,Wave 28,"[17,70)",70+,up,5,4
178,0.753142994,0.765737989,0.759641185,Wave 28,70+,"[0,17)",low,5,4
179,3.105956535,3.127910765,3.116607696,Wave 28,70+,"[17,70)",up,5,4
180,4.415532716,4.465016548,4.44026858,Wave 28,70+,70+,up,5,4
181,5.289795727,5.334025492,5.31047316,Wave 29,"[0,17)","[0,17)",up,6,1
182,4.307303234,4.333198115,4.320490275,Wave 29,"[0,17)","[17,70)",up,6,1
183,0.684655214,0.696971074,0.690949797,Wave 29,"[0,17)",70+,low,6,1
184,4.30772119,4.332902699,4.320500386,Wave 29,"[17,70)","[0,17)",up,6,1
185,6.735204779,6.76187052,6.748440371,Wave 29,"[17,70)","[17,70)",up,6,1
186,2.773291136,2.794637884,2.783885259,Wave 29,"[17,70)",70+,up,6,1
187,0.684642128,0.696897415,0.690883808,Wave 29,70+,"[0,17)",low,6,1
188,2.773260323,2.793812496,2.783597355,Wave 29,70+,"[17,70)",up,6,1
189,4.097788493,4.149027239,4.123861476,Wave 29,70+,70+,up,6,1
190,5.44287308,5.482182246,5.462365626,Wave 30,"[0,17)","[0,17)",up,6,2
191,4.574812354,4.600051027,4.587822101,Wave 30,"[0,17)","[17,70)",up,6,2
192,0.801362778,0.813062147,0.8071835,Wave 30,"[0,17)",70+,low,6,2
193,4.575649619,4.600933204,4.58841649,Wave 30,"[17,70)","[0,17)",up,6,2
194,6.863449956,6.890824933,6.877134288,Wave 30,"[17,70)","[17,70)",up,6,2
195,3.371142157,3.398969012,3.384573616,Wave 30,"[17,70)",70+,up,6,2
196,0.801362768,0.813651426,0.807428301,Wave 30,70+,"[0,17)",low,6,2
197,3.37037091,3.398634046,3.384675178,Wave 30,70+,"[17,70)",up,6,2
198,4.108458741,4.156958686,4.132350938,Wave 30,70+,70+,up,6,2
199,6.687960195,6.727453995,6.707476296,Wave 31,"[0,17)","[0,17)",up,6,3
200,4.897816965,4.919916241,4.908663736,Wave 31,"[0,17)","[17,70)",up,6,3
201,0.713610989,0.724842165,0.719200375,Wave 31,"[0,17)",70+,low,6,3
202,4.896384001,4.91979532,4.908695291,Wave 31,"[17,70)","[0,17)",up,6,3
203,6.980865105,7.007492231,6.993958518,Wave 31,"[17,70)","[17,70)",up,6,3
204,3.466509768,3.494916978,3.480692483,Wave 31,"[17,70)",70+,up,6,3
205,0.713308068,0.725157811,0.719326759,Wave 31,70+,"[0,17)",low,6,3
206,3.465289465,3.494500224,3.479998407,Wave 31,70+,"[17,70)",up,6,3
207,3.896960508,3.940047501,3.918728266,Wave 31,70+,70+,up,6,3
208,7.466673523,7.518525697,7.491965539,Wave 32,"[0,17)","[0,17)",up,6,4
209,5.38185593,5.413699083,5.397587222,Wave 32,"[0,17)","[17,70)",up,6,4
210,0.857892457,0.87149068,0.864633766,Wave 32,"[0,17)",70+,low,6,4
211,5.383166794,5.412941252,5.398166881,Wave 32,"[17,70)","[0,17)",up,6,4
212,7.188419451,7.219125672,7.203626535,Wave 32,"[17,70)","[17,70)",up,6,4
213,3.287445983,3.31682827,3.301797191,Wave 32,"[17,70)",70+,up,6,4
214,0.858032583,0.871971611,0.86484832,Wave 32,70+,"[0,17)",low,6,4
215,3.287113311,3.316504096,3.30162904,Wave 32,70+,"[17,70)",up,6,4
216,4.202196441,4.252918868,4.226657896,Wave 32,70+,70+,up,6,4
217,6.602941806,6.650670497,6.626783929,Wave 33,"[0,17)","[0,17)",up,7,1
218,5.006228696,5.033006662,5.019160406,Wave 33,"[0,17)","[17,70)",up,7,1
219,0.787480923,0.79983302,0.793545124,Wave 33,"[0,17)",70+,low,7,1
220,5.005300129,5.032519922,5.019008388,Wave 33,"[17,70)","[0,17)",up,7,1
221,6.845367642,6.873150356,6.858966318,Wave 33,"[17,70)","[17,70)",up,7,1
222,3.258144062,3.282981047,3.270423884,Wave 33,"[17,70)",70+,up,7,1
223,0.787493718,0.799866432,0.793648666,Wave 33,70+,"[0,17)",low,7,1
224,3.2583328,3.283622078,3.270706757,Wave 33,70+,"[17,70)",up,7,1
225,4.077502323,4.127561658,4.102847385,Wave 33,70+,70+,up,7,1
226,6.010794343,6.04640538,6.02815684,Wave 34,"[0,17)","[0,17)",up,7,2
227,4.887575402,4.910475407,4.899006366,Wave 34,"[0,17)","[17,70)",up,7,2
228,0.725957828,0.737052596,0.73150871,Wave 34,"[0,17)",70+,low,7,2
229,4.887827251,4.90948053,4.898487626,Wave 34,"[17,70)","[0,17)",up,7,2
230,6.573899158,6.597889391,6.585860532,Wave 34,"[17,70)","[17,70)",up,7,2
231,3.062257509,3.082430163,3.072429613,Wave 34,"[17,70)",70+,up,7,2
232,0.725971777,0.736799752,0.731338564,Wave 34,70+,"[0,17)",low,7,2
233,3.06256825,3.082037135,3.07225121,Wave 34,70+,"[17,70)",up,7,2
234,4.070547864,4.118550294,4.094450194,Wave 34,70+,70+,up,7,2
235,5.709661184,5.749512419,5.729580142,Wave 35,"[0,17)","[0,17)",up,7,3
236,4.494642856,4.518211712,4.506511047,Wave 35,"[0,17)","[17,70)",up,7,3
237,0.717671335,0.728072917,0.722917612,Wave 35,"[0,17)",70+,low,7,3
238,4.494327987,4.517851724,4.506259945,Wave 35,"[17,70)","[0,17)",up,7,3
239,6.57591385,6.601699678,6.588534857,Wave 35,"[17,70)","[17,70)",up,7,3
240,3.058463528,3.081606573,3.069694092,Wave 35,"[17,70)",70+,up,7,3
241,0.717882093,0.728270092,0.723052763,Wave 35,70+,"[0,17)",low,7,3
242,3.058990532,3.081504578,3.069895799,Wave 35,70+,"[17,70)",up,7,3
243,4.094250682,4.140321558,4.117899149,Wave 35,70+,70+,up,7,3
244,5.806893642,5.84900756,5.827479923,Wave 36,"[0,17)","[0,17)",up,7,4
245,4.491535217,4.515299773,4.503654224,Wave 36,"[0,17)","[17,70)",up,7,4
246,0.559696317,0.568716549,0.564162792,Wave 36,"[0,17)",70+,low,7,4
247,4.492052449,4.516151173,4.504408233,Wave 36,"[17,70)","[0,17)",up,7,4
248,6.403576877,6.431070374,6.41673846,Wave 36,"[17,70)","[17,70)",up,7,4
249,2.871356472,2.89622396,2.883613026,Wave 36,"[17,70)",70+,up,7,4
250,0.559061513,0.569026364,0.56413494,Wave 36,70+,"[0,17)",low,7,4
251,2.871527112,2.894844972,2.883504422,Wave 36,70+,"[17,70)",up,7,4
252,3.992920736,4.044574698,4.019071461,Wave 36,70+,70+,up,7,4
253,5.217701065,5.266132983,5.243025601,Wave 37,"[0,17)","[0,17)",up,8,1
254,4.42850932,4.457350269,4.442810351,Wave 37,"[0,17)","[17,70)",up,8,1
255,0.561046836,0.572148719,0.566650624,Wave 37,"[0,17)",70+,low,8,1
256,4.427513963,4.456474478,4.442423596,Wave 37,"[17,70)","[0,17)",up,8,1
257,6.031529626,6.06082046,6.046180923,Wave 37,"[17,70)","[17,70)",up,8,1
258,2.618984647,2.641571974,2.629886298,Wave 37,"[17,70)",70+,up,8,1
259,0.561021342,0.572300301,0.566704743,Wave 37,70+,"[0,17)",low,8,1
260,2.619401872,2.642433421,2.630564145,Wave 37,70+,"[17,70)",up,8,1
261,3.822540055,3.877756211,3.849759045,Wave 37,70+,70+,up,8,1
262,3.9366282,3.967532496,3.952664879,Wave 38,"[0,17)","[0,17)",up,8,2
263,4.019036394,4.040732603,4.029523323,Wave 38,"[0,17)","[17,70)",up,8,2
264,0.569067455,0.578351826,0.573824256,Wave 38,"[0,17)",70+,low,8,2
265,4.016759778,4.040711182,4.029799484,Wave 38,"[17,70)","[0,17)",up,8,2
266,5.864662203,5.889298727,5.877079431,Wave 38,"[17,70)","[17,70)",up,8,2
267,2.730844605,2.754478658,2.742919577,Wave 38,"[17,70)",70+,up,8,2
268,0.569167329,0.578694363,0.573987922,Wave 38,70+,"[0,17)",low,8,2
269,2.731592146,2.753510386,2.742549287,Wave 38,70+,"[17,70)",up,8,2
270,3.69718996,3.744524896,3.720181049,Wave 38,70+,70+,up,8,2
271,4.274658766,4.309889972,4.292525444,Wave 39,"[0,17)","[0,17)",up,8,3
272,4.120691394,4.144963665,4.132414241,Wave 39,"[0,17)","[17,70)",up,8,3
273,0.382044415,0.388673383,0.38533164,Wave 39,"[0,17)",70+,low,8,3
274,4.118874414,4.145248615,4.132389795,Wave 39,"[17,70)","[0,17)",up,8,3
275,5.793914937,5.819546532,5.806684521,Wave 39,"[17,70)","[17,70)",up,8,3
276,2.573447287,2.594668202,2.583952773,Wave 39,"[17,70)",70+,up,8,3
277,0.38207653,0.388764287,0.385467979,Wave 39,70+,"[0,17)",low,8,3
278,2.573469884,2.594675022,2.584197645,Wave 39,70+,"[17,70)",up,8,3
279,3.774557049,3.825397966,3.799459637,Wave 39,70+,70+,up,8,3
280,4.805512131,4.841080695,4.823071069,Wave 40,"[0,17)","[0,17)",up,8,4
281,4.302081207,4.325677293,4.314110207,Wave 40,"[0,17)","[17,70)",up,8,4
282,0.477740586,0.487949601,0.482974124,Wave 40,"[0,17)",70+,low,8,4
283,4.30179765,4.326232244,4.314062801,Wave 40,"[17,70)","[0,17)",up,8,4
284,5.666737405,5.689322134,5.678031117,Wave 40,"[17,70)","[17,70)",up,8,4
285,2.774434494,2.798878609,2.786835485,Wave 40,"[17,70)",70+,up,8,4
286,0.478066944,0.487948726,0.482892281,Wave 40,70+,"[0,17)",low,8,4
287,2.77580861,2.799305621,2.787303473,Wave 40,70+,"[17,70)",up,8,4
288,3.813580598,3.86463436,3.839122892,Wave 40,70+,70+,up,8,4
289,5.465673067,5.510356126,5.488659385,Wave 41,"[0,17)","[0,17)",up,9,1
290,4.245736641,4.273669733,4.2600188,Wave 41,"[0,17)","[17,70)",up,9,1
291,0.564672006,0.576558312,0.570585344,Wave 41,"[0,17)",70+,low,9,1
292,4.245935869,4.273128976,4.260194998,Wave 41,"[17,70)","[0,17)",up,9,1
293,5.725647186,5.754446938,5.739776362,Wave 41,"[17,70)","[17,70)",up,9,1
294,2.949797251,2.978038707,2.964231483,Wave 41,"[17,70)",70+,up,9,1
295,0.56487759,0.575841702,0.570280485,Wave 41,70+,"[0,17)",low,9,1
296,2.950380583,2.977226828,2.963861987,Wave 41,70+,"[17,70)",up,9,1
297,3.090647797,3.132059619,3.111269539,Wave 41,70+,70+,up,9,1
298,5.160555602,5.193289044,5.176671611,Wave 42,"[0,17)","[0,17)",up,9,2
299,4.734917383,4.759777313,4.747597792,Wave 42,"[0,17)","[17,70)",up,9,2
300,0.690326536,0.704164744,0.697381964,Wave 42,"[0,17)",70+,low,9,2
301,4.735403023,4.759877571,4.747736105,Wave 42,"[17,70)","[0,17)",up,9,2
302,6.007164266,6.027782123,6.017378518,Wave 42,"[17,70)","[17,70)",up,9,2
303,2.576072076,2.598259106,2.587075819,Wave 42,"[17,70)",70+,up,9,2
304,0.690518337,0.704012541,0.697312873,Wave 42,70+,"[0,17)",low,9,2
305,2.576961904,2.598883122,2.587332192,Wave 42,70+,"[17,70)",up,9,2
306,3.636080769,3.688046156,3.661685786,Wave 42,70+,70+,up,9,2
307,4.744983816,4.776769072,4.760476019,Wave 43,"[0,17)","[0,17)",up,9,3
308,4.638565348,4.661659179,4.650692608,Wave 43,"[0,17)","[17,70)",up,9,3
309,0.579859689,0.592005617,0.58592274,Wave 43,"[0,17)",70+,low,9,3
310,4.639443526,4.663304949,4.651093438,Wave 43,"[17,70)","[0,17)",up,9,3
311,5.907092738,5.932178854,5.919457973,Wave 43,"[17,70)","[17,70)",up,9,3
312,2.879774351,2.907128905,2.893175062,Wave 43,"[17,70)",70+,up,9,3
313,0.580075449,0.591727578,0.585968345,Wave 43,70+,"[0,17)",low,9,3
314,2.879502439,2.907184429,2.893289266,Wave 43,70+,"[17,70)",up,9,3
315,3.703871033,3.749205801,3.725987612,Wave 43,70+,70+,up,9,3
,4.805512131,4.841080695,4.823071069,Wave 44,"[0,17)","[0,17)",up,8,4
,4.302081207,4.325677293,4.314110207,Wave 44,"[0,17)","[17,70)",up,8,4
,0.477740586,0.487949601,0.482974124,Wave 44,"[0,17)",70+,low,8,4
,4.30179765,4.326232244,4.314062801,Wave 44,"[17,70)","[0,17)",up,8,4
,5.666737405,5.689322134,5.678031117,Wave 44,"[17,70)","[17,70)",up,8,4
,2.774434494,2.798878609,2.786835485,Wave 44,"[17,70)",70+,up,8,4
,0.478066944,0.487948726,0.482892281,Wave 44,70+,"[0,17)",low,8,4
,2.77580861,2.799305621,2.787303473,Wave 44,70+,"[17,70)",up,8,4
,3.813580598,3.86463436,3.839122892,Wave 44,70+,70+,up,8,4
,5.465673067,5.510356126,5.488659385,Wave 45,"[0,17)","[0,17)",up,9,1
,4.245736641,4.273669733,4.2600188,Wave 45,"[0,17)","[17,70)",up,9,1
,0.564672006,0.576558312,0.570585344,Wave 45,"[0,17)",70+,low,9,1
,4.245935869,4.273128976,4.260194998,Wave 45,"[17,70)","[0,17)",up,9,1
,5.725647186,5.754446938,5.739776362,Wave 45,"[17,70)","[17,70)",up,9,1
,2.949797251,2.978038707,2.964231483,Wave 45,"[17,70)",70+,up,9,1
,0.56487759,0.575841702,0.570280485,Wave 45,70+,"[0,17)",low,9,1
,2.950380583,2.977226828,2.963861987,Wave 45,70+,"[17,70)",up,9,1
,3.090647797,3.132059619,3.111269539,Wave 45,70+,70+,up,9,1
,5.160555602,5.193289044,5.176671611,Wave 46,"[0,17)","[0,17)",up,9,2
,4.734917383,4.759777313,4.747597792,Wave 46,"[0,17)","[17,70)",up,9,2
,0.690326536,0.704164744,0.697381964,Wave 46,"[0,17)",70+,low,9,2
,4.735403023,4.759877571,4.747736105,Wave 46,"[17,70)","[0,17)",up,9,2
,6.007164266,6.027782123,6.017378518,Wave 46,"[17,70)","[17,70)",up,9,2
,2.576072076,2.598259106,2.587075819,Wave 46,"[17,70)",70+,up,9,2
,0.690518337,0.704012541,0.697312873,Wave 46,70+,"[0,17)",low,9,2
,2.576961904,2.598883122,2.587332192,Wave 46,70+,"[17,70)",up,9,2
,3.636080769,3.688046156,3.661685786,Wave 46,70+,70+,up,9,2
,4.744983816,4.776769072,4.760476019,Wave 47,"[0,17)","[0,17)",up,9,3
,4.638565348,4.661659179,4.650692608,Wave 47,"[0,17)","[17,70)",up,9,3
,0.579859689,0.592005617,0.58592274,Wave 47,"[0,17)",70+,low,9,3
,4.639443526,4.663304949,4.651093438,Wave 47,"[17,70)","[0,17)",up,9,3
,5.907092738,5.932178854,5.919457973,Wave 47,"[17,70)","[17,70)",up,9,3
,2.879774351,2.907128905,2.893175062,Wave 47,"[17,70)",70+,up,9,3
,0.580075449,0.591727578,0.585968345,Wave 47,70+,"[0,17)",low,9,3
,2.879502439,2.907184429,2.893289266,Wave 47,70+,"[17,70)",up,9,3
,3.703871033,3.749205801,3.725987612,Wave 47,70+,70+,up,9,3
